{"cameraMode":{"drawMode":0,"name":"Shaded","section":"Shading Mode"},"sceneLighting":false,"audioPlay":false,"sceneViewState":{"showFog":true,"showMaterialUpdate":true,"showSkybox":false,"showFlares":true,"showImageEffects":true,"showParticleSystems":true},"in2DMode":false,"pivot":{"x":-55.540000915527347,"y":10.17490005493164,"z":48.73420715332031},"rotation":{"x":0.5506051182746887,"y":0.43223515152931216,"z":-0.40619203448295596,"w":0.5877911448478699},"size":3.4818484783172609,"orthographic":false}