{"cameraMode":{"drawMode":0,"name":"Shaded","section":"Shading Mode"},"sceneLighting":false,"audioPlay":false,"sceneViewState":{"showFog":true,"showMaterialUpdate":true,"showSkybox":false,"showFlares":true,"showImageEffects":true,"showParticleSystems":true},"in2DMode":false,"pivot":{"x":-37.140506744384769,"y":-0.19382718205451966,"z":26.990436553955079},"rotation":{"x":-0.25161030888557436,"y":0.6555423140525818,"z":-0.246980682015419,"w":-0.6678459048271179},"size":1.6421282291412354,"orthographic":false}