{"cameraMode":{"drawMode":0,"name":"Shaded","section":"Shading Mode"},"sceneLighting":false,"audioPlay":false,"sceneViewState":{"showFog":true,"showMaterialUpdate":true,"showSkybox":false,"showFlares":true,"showImageEffects":true,"showParticleSystems":true},"in2DMode":false,"pivot":{"x":-48.84478759765625,"y":-11.016427993774414,"z":31.870737075805665},"rotation":{"x":-0.24152806401252747,"y":0.6344422698020935,"z":-0.21859294176101685,"w":-0.7010005116462708},"size":11.925186157226563,"orthographic":false}