{"cameraMode":{"drawMode":0,"name":"Shaded","section":"Shading Mode"},"sceneLighting":false,"audioPlay":false,"sceneViewState":{"showFog":true,"showMaterialUpdate":true,"showSkybox":false,"showFlares":true,"showImageEffects":true,"showParticleSystems":true},"in2DMode":false,"pivot":{"x":-14.305000305175782,"y":3.647900104522705,"z":-0.001613616943359375},"rotation":{"x":0.27855437994003298,"y":0.13802333176136018,"z":-0.04040222987532616,"w":0.9496474862098694},"size":3.56960391998291,"orthographic":false}