{"cameraMode":{"drawMode":0,"name":"Shaded","section":"Shading Mode"},"sceneLighting":true,"audioPlay":false,"sceneViewState":{"showFog":true,"showMaterialUpdate":true,"showSkybox":true,"showFlares":true,"showImageEffects":true,"showParticleSystems":true},"in2DMode":false,"pivot":{"x":3.749504804611206,"y":3.4928414821624758,"z":-0.03132441267371178},"rotation":{"x":-0.08868026733398438,"y":0.6938461065292358,"z":-0.08694130182266236,"w":-0.7094999551773071},"size":0.8660253882408142,"orthographic":false}