{"cameraMode":{"drawMode":0,"name":"Shaded","section":"Shading Mode"},"sceneLighting":false,"audioPlay":false,"sceneViewState":{"showFog":true,"showMaterialUpdate":true,"showSkybox":false,"showFlares":true,"showImageEffects":true,"showParticleSystems":true},"in2DMode":false,"pivot":{"x":-1.4828720092773438,"y":-1.5909916162490845,"z":5.506143569946289},"rotation":{"x":-0.32215699553489687,"y":0.299960196018219,"z":-0.10840970277786255,"w":-0.8913778066635132},"size":2.842127561569214,"orthographic":false}