{"cameraMode":{"drawMode":0,"name":"Shaded","section":"Shading Mode"},"sceneLighting":true,"audioPlay":false,"sceneViewState":{"showFog":true,"showMaterialUpdate":true,"showSkybox":true,"showFlares":true,"showImageEffects":true,"showParticleSystems":true},"in2DMode":false,"pivot":{"x":-90.87213134765625,"y":6.088801383972168,"z":40.68196487426758},"rotation":{"x":0.06384699046611786,"y":-0.37681156396865847,"z":0.026025542989373208,"w":0.9237909913063049},"size":6.331584930419922,"orthographic":false}