{"cameraMode":{"drawMode":0,"name":"Shaded","section":"Shading Mode"},"sceneLighting":true,"audioPlay":false,"sceneViewState":{"showFog":true,"showMaterialUpdate":true,"showSkybox":true,"showFlares":true,"showImageEffects":true,"showParticleSystems":true},"in2DMode":false,"pivot":{"x":-39.33548355102539,"y":6.417332172393799,"z":3.4475486278533937},"rotation":{"x":-0.08230414241552353,"y":0.19188442826271058,"z":-0.01632348634302616,"w":-0.9779472351074219},"size":0.8660253882408142,"orthographic":false}