{"cameraMode":{"drawMode":0,"name":"Shaded","section":"Shading Mode"},"sceneLighting":false,"audioPlay":false,"sceneViewState":{"showFog":true,"showMaterialUpdate":true,"showSkybox":false,"showFlares":true,"showImageEffects":true,"showParticleSystems":true},"in2DMode":false,"pivot":{"x":-0.1291002631187439,"y":0.8452020287513733,"z":-0.9738044142723084},"rotation":{"x":-0.29699254035949709,"y":-0.041177839040756229,"z":0.01303758192807436,"w":-0.9540219902992249},"size":0.5196152925491333,"orthographic":false}