{"cameraMode":{"drawMode":0,"name":"Shaded","section":"Shading Mode"},"sceneLighting":false,"audioPlay":false,"sceneViewState":{"showFog":true,"showMaterialUpdate":true,"showSkybox":false,"showFlares":true,"showImageEffects":true,"showParticleSystems":true},"in2DMode":false,"pivot":{"x":-0.007165794260799885,"y":-0.4391542971134186,"z":4.2526092529296879},"rotation":{"x":-0.26510685682296755,"y":0.26390883326530459,"z":-0.07568684965372086,"w":-0.9243436455726624},"size":2.842127561569214,"orthographic":false}